{"olympus": {"SIR_in": [5, 10, 15, 20, 25], "SIR_out": [6.303635761083281, 13.979331098487616, 23.703265006099777, 26.39965081695886, 31.56376469057004], "SDR_out": [3.773753421605668, 7.71989811938907, 10.613757408357802, 10.50114735443422, 11.016248946271027]}, "pyramic": {"SIR_in": [5, 10, 15, 20, 25], "SIR_out": [36.11187747453701, 36.81190971338694, 38.44197676661087, 37.04198933333196, 36.036290382763696], "SDR_out": [10.07218962650807, 10.216322390244665, 10.005680758599457, 10.412815348561011, 10.907158448007126]}}